
DELETE FROM userservices;
DELETE FROM reservation;
DELETE FROM service;
DELETE FROM workinghours;
DELETE FROM user;
DELETE FROM role;
DELETE FROM days;
-- NAPOK

INSERT INTO days (daynumber, name) VALUES
(1, 'Hétfő'),
(2, 'Kedd'),
(3, 'Szerda'),
(4, 'Csütörtök'),
(5, 'Péntek'),
(6, 'Szombat'),
(7, 'Vasárnap');


-- SZEREPKÖRÖK

INSERT INTO role (id, name) VALUES
(1, 'admin'),
(2, 'user'),
(3, 'worker');


-- FELHASZNÁLÓK

INSERT INTO user (id, email, passwd_hash, passwd_salt, surname, firstname, phonenumber, role_id) VALUES

(1, 'admin@szepseg.hu', 0xaf2267f8282b387a15b3a624f351e967638e19056b54551b1361271bf8cf5e0975b6cbcdbf8569acbf19b8952848a6e9f7c9e4e1519cfb663719d06347080c39, 0xbd6fff927b7171b801d607a0cfd896502d6f47d8e0c19d5711d1fbbcb7c9a91fb46967014c5fabf4fb26cdce288b8c63ebe7bea6c1214e3102d1079834aae90329358949ea27f355c7a3bb3177034d4200b78d83a11b3290888e13547a01a4d9db1d7f1110ca2b41e04ed172fa506209b1e2ec6771b1c10f6753bd7785536a4a, 'Admin', 'Admin', '0000000000', 1),
(2, 'fodrasz1@szepseg.hu', 0xd3d6fec2705ec9b1f6a4c744adeb10717a2fb1cbf8a17f185efe3f526aa8a2d63f9b641224671e04c38c91f96a46b4d3ecf3e766219dd29d8ea3129941a8b463, 0xe7cbf8648833813762a463473c56fe050cea8670093b10c34e1812c5593c9b01a70426d9faec273dd4f4816682a5611d195591c51befc109a4b91475bb1a52fa233ee0c809954bca5d445b936aecf558702e541dc3df2fc81677ec2b916b61eedc5933b0c444613198a71de19f6271c0ff71dab6b518557931c1951e883814db, 'Borbély', 'Bence', '1111111111', 3),
(3, 'fodrasz2@szepseg.hu', 0x6a084edb89c326a09bf8eb49198fe721c95714f8d20239eb49e6d60a8425b951369793c2d7ce03cfc3906be3bc4b2a74b6b252540d6ff7485c7119bf1a513e49, 0xe4ddcae6a137f14cc75be4a61fd5d457d050141c19b66cabd07d9da302ba15c7ddc68a6db630fdf4222a978e1e85a06e2a747fa503b87148da87e97576335c15f42dee05a88045438ab962b6e10a8e1a6a86676fb20edc83fa00efe7433d257dd00f4d3354ab2ba537858c6791170d39296b4a38f423745423c4efb6f240eba1, 'Fodrász', 'Fanni', '2222222222', 3),
(4, 'fodrasz3@szepseg.hu', 0x756c8da5692f86be4853a1cd75b1080fe9bb47e2bb4e3c4d4da22a180cb858618e2c439b34fefa0c70506634fde8006c27936348de4c990b18a01b5784990141, 0xdf5e5a792f233e3ff400cf3cd6ba3137325156c5b962d21e2bc14bed3d1c7c9a1b62116e7e6e90697fd45df4c663b274a58c806932b91b4abade7b9bce00f581f9bb1c6835b6af7d8c510d11c595334726d627f8b0a05337b2c4edc1c02ddddad654aeda69dd7ff979911daed956339be9560ef86c7dfa2f276bdcd1dca2bd1d, 'Haj', 'Hanna', '3333333333', 3),
(5, 'kormos1@szepseg.hu', 0xb2ec152386d4b456b178cefa2ff468c11185072fbd4737cc8bef94526c16ba2a0c85034a9e1cc847ab1f3beafa650debe37a577ac7fd46367bd754418899fcd4, 0x75c76eb2c5def3ca56ccea94115c6dac73499eae39732f0ddeafe82063c470e2fcc99b587e799bb4da534ea3bd81921829aa70d4bc1468be4477b07c443d5b15669fe25d930b6bc2a695a8330b7870efedfbd2e91da23825e731c3efad519f70c80da59eac3ab4aa1138a34c68b66b7af7336353adc0cce41b2bd2ff3ca9e953, 'Körmösné', 'Kitti', '4444444444', 3),
(6, 'kormos2@szepseg.hu', 0xa4b620de1e1c06dee05bb7a71427fe7eb308dc059afc488b754a7f92bda950712fde97693d9f3946a61274baab37d5c0d9007b5fdf12ff610a72d04d6f9aabcf, 0xbb1dcc70469b535c68bb4f3b9e50cf1fb752a7cd3d67f941b57f138aaf8cc9855e474570a5499b57f23543e06f1cd530a379bb4c571eeb35351f5c76e612d8ca0ad84195b366dab4544dddcc7c67c6468f211bda9284fff49ec4068d3ace83011680bbf199e160b622ec05a0542938984c6d00bd2fce02b0ce9492ab607b9a12, 'Pedikűr', 'Panna', '5555555555', 3),
(7, 'kormos3@szepseg.hu', 0xfa66dca39fab453eac6753804ec5cf1fe8f030afb80fe05a5606c8f21571fda7b3a77d7dbbc7e8b10e7ddc2f90f438060f43ca2216d9645ed3bc2c5aa5301c6f, 0xe4d3e0d27ba9ea3c63d6b6c9efb5461615fd8876d6975203c51b8fa6de66885bc1cbae9cb4baa8168c9e45b20b1a36e701b0499bb78f38237cb55b55686d087e454e85673380d775ab6b31bd67d6438788675e1d66e9935473e5a11667a743af641548afb3f0c1d07d4aae357bef4269692c4eba29a64b74e73a934b8d58f17d, 'Lakkozó', 'Lara', '6666666666', 3),
(8, 'kormos4@szepseg.hu', 0xea3a2f0f4024815c0478bf0ab345a448f09a80326521844f7b306e1a3005ecd7e6b2b813a86e961fc113dafd4862df5bf6883046c2a4dad38e62af1f0a6bafd6, 0xcbb101fea39bbe89afd3f6b3f9128e9e8257202d01a4bf45ceae4b7c5a1cc75e58a1e815304f830f36b8aa95c3b6fbe3ffc0b96bb160bb486c736187b88b5f83b1ec66442e24cc517d409a6d74b36339f010e0cdadedde061a10c1f90b89896a0d9b77c1e2d38545c0d65f225862d8ac29b5b1e0d4795cf7e7b7f4f3c7ce4d63, 'Körmös', 'Dóra', '7777777777', 3),
(9, 'masszor1@szepseg.hu', 0xfdac1d9a168cd24285c76ff848895a9a84838556dee43a0befb3d9309f106ec7b75e42a0b791aaa9cb87493cd31aaec288dc7b3b1f236715e151939a888b8026, 0xfd7cd83f2733a94e7c7af6bbc22bd0bdcd29fe58079b56023c6ecf2987cedc2462b059ee4d8eaf8435af44d1200593c2811ba72ef4c8d0173968ad39bbf74b98e382c51c1a482bb4d32e27fa22930c86ea9b39c977eb31d3d310192343f29eefb43d8d5e9634c53f5b26d040c689591f684a61c7ff2d0000f12feb1c11a28c44, 'Masszőr', 'Máté', '8888888888', 3),
(10, 'masszor2@szepseg.hu', 0xf97ca8f23acd6c1dfeeb58468c8b343686fc74c00401dd55842473ecec6b418d9481f02210c5439f168266806258cf65bb31c12d6ff7d9d70dcce8bfa0d18008, 0x21bda2096112fc696b6cf951d40d0b1d0aa5d5a6b048ce3da2104aa9eef48179bc65924c8c116859b58c1ab36d4e59144d1c83c475043f5259e4b0f80b59da9582bce11b4220e8400b197501a9e271d55553d5ff631eb62be0a1a138aa08af52cd6d6aa8309f5389c96b1eb0196187dad4e9f42a29cfe09b3f0dee2e8ef0a843, 'Masszázs', 'Mira', '9999999999', 3),
(11, 'arckezelo1@szepseg.hu', 0x49933c71f524d7f7a4d60b2832398d1a799d0b8b9335d45754573609d36ad4cb233118578e4b90d400de590a04104ace39b2ee26eb790c76312e8afa8d4b8f45, 0x193017b1d5da55cb24d8692524117f22894ce18e6febac8a8a0f6a2cbf67fd0a2817277d91575131420987ffb7171ed1fb8a27ece1128972b452d396dfce2ed801ea91c8c185e9d1199ffc3bb198bc33bb6cf7164c9b1a94d55ac26067f72c2b300751d5dbe1e69cd4da71763b0efaa52a7f6b77a4f42a00be2f83e8e5c2bf0d, 'Arcos', 'Andi', '1010101010', 3),
(12, 'gyantas1@szepseg.hu', 0xc57e3c9b5f97d00dfc59a7323019f473ee9daa1bebe0f82bfeb6dfa90d7e1d67931cf563981fcf001414628dd5d770a106fdf05ead8ba5a4cd8e1b915bef37bf, 0x59f7a6ea2a97f3f8d594310cd641592f6b56db85bdaf070ba240cc1249491a3d2652d416ad2bac7dc871d910d02d842f6c7e43f77c7f311346a3418323c8c68a830395daa01624f1b34fbb820b98e2d82e23c5a920aaabfe08230b38152f1aa18b447e33a40c9e2a686fc6cc8fce533de478acc757d5b5ed8e8c9d2becf5bdb9, 'Gyantázó', 'Gabi', '1212121212', 3),
(13, 'vendeg1@szepseg.hu', 0xb1bb64747b1bece820d3ad8535378ace64f580f7930143f703c8b37c643066ce2de22d7d298b0b3311c1abe8ea260002f99f7a050abb880241ce83fb32a1c167, 0xb0d67b5673981c90315a851ae75c2006eccb7cde20e07585e06696c39cb699e0d5617d69ebdbfa8b8195943d87784d0fb31795ed78c912a944e4bd022339cfa7d4b0c5d01e1139d8757c7c32ffd3961b768e06fc89d92ed527a0cb01121ecdfca7b26c8d64543aa1e4551a9b4a53276020a9c0b3242d84f028af624403407f00, 'Vendég', 'Viki', '1313131313', 2),
(14, 'vendeg2@szepseg.hu', 0x373d8a7fc44646e8de38e46097b3189d4b2583dcecaef3143408137b3f7b5875f92731abac4c93a9965dcbe771bb529a0049cd3697b83773deebe4581615b447, 0xc8015ab7355d2db260ab6e38a2a4f76e87e5ef094ef1bf6a2210ad2e1c32952295366110ad16a1f959bad2126adba12190c1ddc9fb41721470d3bb2082c25bb9c301fa14eccc1a03d33ee8ed450010c04be53729ed52a739a27f34f8b1b0d0c99857de3d908e94ce3bf4984ba770bbfcf04b2fa61565588d86d541917f686ff4, 'Vendég', 'Viktor', '1414141414', 2),
(15, 'teszt@szepseg.hu', 0xdaa9fee8c756a067a3f7efcf797240c60cb1b0712ee0552cecc01dcd5ab37d506c1433026ad60bc4cda42be2662b4dd3ec713450c1f2a43d6a6f0dc72ac448ef, 0xdfbb5d273820a695dc1c4d68756875779fe7a8845c4c7be880fd3be3d9a0c4c4f4372bd8e734193767a768cf85ce54d289010c36afff27ddcbf16c42ac659c54d67bdc7596a083bb6303dcefc32ad6596fe4cad73efe583dec32ecd0ff629ac25aac70adb4ff45b239c2c22561bd2ad708a6813f5c34f60692f77fc4fe06c3c4, 'Teszt', 'Vendég', '1234567890', 2);


-- SZOLGÁLTATÁSOK

INSERT INTO service (id, name, price, duration) VALUES
(1, 'Hajfestés', 30000, 120),
(2, 'Hajvágás', 5000, 45),
(3, 'Manikűr', 4000, 30),
(4, 'Körömfestés', 5000, 60),
(5, 'Pedikűr', 5000, 40),
(6, 'Masszázs', 8000, 60),
(7, 'Arckezelés', 7000, 45),
(8, 'Gyantázás', 6000, 60);


-- FELHASZNÁLÓ SZOLGÁLTATÁSOK


INSERT INTO userservices (user_id, service_id) VALUES
(2, 1),
(3, 1),
(4, 1),
(2, 2),
(3, 2),
(4, 2),
(5, 3),
(6, 3),
(7, 3),
(8, 3),
(5, 4),
(6, 4),
(7, 5),
(8, 5),
(9, 6),
(10, 6),
(11, 7),
(12, 8);



-- MUNKAREND


INSERT INTO workinghours (user_id, daynumber, opening_time, closing_time) VALUES
(2, 1, '09:00', '17:00'),
(2, 2, '08:00', '16:00'),
(2, 3, '08:00', '16:00'),
(2, 4, '10:00', '18:00'),
(2, 5, '08:00', '16:00'),
(3, 1, '08:00', '16:00'),
(3, 2, '09:00', '17:00'),
(3, 3, '08:00', '16:00'),
(3, 4, '10:00', '18:00'),
(3, 5, '08:00', '16:00'),
(4, 1, '09:00', '17:00'),
(4, 2, '08:00', '16:00'),
(4, 3, '08:00', '16:00'),
(4, 4, '10:00', '18:00'),
(4, 5, '08:00', '16:00'),
(5, 1, '08:00', '16:00'),
(5, 2, '08:00', '16:00'),
(5, 3, '08:00', '16:00'),
(5, 4, '08:00', '16:00'),
(5, 5, '08:00', '16:00'),
(6, 1, '08:00', '16:00'),
(6, 2, '08:00', '16:00'),
(6, 3, '08:00', '16:00'),
(6, 4, '08:00', '16:00'),
(6, 5, '08:00', '16:00'),
(7, 1, '08:00', '16:00'),
(7, 2, '08:00', '16:00'),
(7, 3, '08:00', '16:00'),
(7, 4, '08:00', '16:00'),
(7, 5, '08:00', '16:00'),
(8, 1, '08:00', '16:00'),
(8, 2, '08:00', '16:00'),
(8, 3, '08:00', '16:00'),
(8, 4, '08:00', '16:00'),
(8, 5, '08:00', '16:00'),
(9, 1, '08:00', '16:00'),
(9, 2, '08:00', '16:00'),
(9, 3, '08:00', '16:00'),
(9, 4, '08:00', '16:00'),
(9, 5, '08:00', '16:00'),
(10, 1, '08:00', '16:00'),
(10, 2, '08:00', '16:00'),
(10, 3, '08:00', '16:00'),
(10, 4, '08:00', '16:00'),
(10, 5, '08:00', '16:00'),
(11, 1, '08:00', '16:00'),
(11, 2, '08:00', '16:00'),
(11, 3, '08:00', '16:00'),
(11, 4, '08:00', '16:00'),
(11, 5, '08:00', '16:00'),
(12, 1, '08:00', '16:00'),
(12, 2, '08:00', '16:00'),
(12, 3, '08:00', '16:00'),
(12, 4, '08:00', '16:00'),
(12, 5, '08:00', '16:00');

-- FOGLALASOK

INSERT INTO `reservation` (`id`, `worker_id`, `guest_id`, `service_id`, `datetime`, `appointment`) VALUES
(1, 7, 15, 5, '2025-04-14', '11:00'),
(2, 8, 13, 5, '2025-05-01', '10:00'),
(3, 8, 13, 5, '2025-05-14', '10:00'),
(4, 8, 13, 5, '2025-05-05', '13:00'),
(5, 7, 13, 5, '2025-05-09', '15:00'),
(6, 12, 13, 8, '2025-05-20', '10:00'),
(7, 12, 13, 8, '2025-05-14', '11:00'),
(8, 3, 13, 1, '2025-05-13', '14:00'),
(9, 8, 14, 3, '2025-05-15', '15:00'),
(10, 5, 14, 3, '2025-05-13', '12:00');











